Workbook

Sheet Datos
A1: DATOS - Precios y retornos logarítmicos
A2: t | B2: Fecha | C2: Precio | D2: Retorno log. rt = LN(Pt / Pt-1) | E2: rt (%)
A3: 0 | B3: 2026-02-13 | C3: 6836.17
A4: 1 | B4: 2026-02-17 | C4: 6843.22 | D4: =LN(C4/C3) -> 0.0010307478 | E4: =D4*100 -> 0.10307478
A5: 2 | B5: 2026-02-18 | C5: 6881.31 | D5: =LN(C5/C4) -> 0.0055506597 | E5: =D5*100 -> 0.55506597
A6: 3 | B6: 2026-02-19 | C6: 6861.89 | D6: =LN(C6/C5) -> -0.0028261268 | E6: =D6*100 -> -0.28261268
A7: 4 | B7: 2026-02-20 | C7: 6909.51 | D7: =LN(C7/C6) -> 0.0069158095 | E7: =D7*100 -> 0.69158095
A8: 5 | B8: 2026-02-23 | C8: 6837.75 | D8: =LN(C8/C7) -> -0.010439993 | E8: =D8*100 -> -1.0439993
A9: 6 | B9: 2026-02-24 | C9: 6890.07 | D9: =LN(C9/C8) -> 0.0076225145 | E9: =D9*100 -> 0.76225145
A10: 7 | B10: 2026-02-25 | C10: 6946.13 | D10: =LN(C10/C9) -> 0.0081034253 | E10: =D10*100 -> 0.81034253
A11: 8 | B11: 2026-02-26 | C11: 6908.86 | D11: =LN(C11/C10) -> -0.0053800241 | E11: =D11*100 -> -0.53800241
A12: 9 | B12: 2026-02-27 | C12: 6878.88 | D12: =LN(C12/C11) -> -0.0043487979 | E12: =D12*100 -> -0.43487979
A13: 10 | B13: 2026-03-02 | C13: 6881.62 | D13: =LN(C13/C12) -> 0.00039824135 | E13: =D13*100 -> 0.039824135
A14: 11 | B14: 2026-03-03 | C14: 6816.63 | D14: =LN(C14/C13) -> -0.0094888745 | E14: =D14*100 -> -0.94888745
A15: 12 | B15: 2026-03-04 | C15: 6869.5 | D15: =LN(C15/C14) -> 0.0077261085 | E15: =D15*100 -> 0.77261085
... A103: 100 | B103: 2026-07-10 | C103: 7575.39 | D103: =LN(C103/C102) -> 0.0042000111 | E103: =D103*100 -> 0.42000111
A105: Estadísticos de los retornos | D105: Los estadísticos descriptivos muestran el comportamiento de los retornos: la muestra contiene 100 observaciones, con un retorno promedio bajo (0.10% diario) y una volatilidad diaria de 0.91%. La curtosis positiva (0.94) indica presencia de movimientos extremos, evidenciando que la volatilidad no es constante
A106: N (retornos) | B106: =COUNT(D4:D103) -> 100
A107: Media | B107: =AVERAGE(D4:D103) -> 0.001026772
A108: Desv. estándar | B108: =STDEV(D4:D103) -> 0.0090502011
A109: Varianza muestral | B109: =VAR(D4:D103) -> 8.190614e-05
A110: Curtosis | B110: =KURT(D4:D103) -> 0.93854239
A111: Mínimo | B111: =MIN(D4:D103) -> -0.026801354
A112: Máximo | B112: =MAX(D4:D103) -> 0.028714924

Sheet GARCH
A1: MODELO GARCH - σ²t = ω + α₁ε²t-1 + β₁σ²t-1
A3: Parámetros | C3: p : indica que la volatilidad es alta y que los shocks del mercado permanecen durante varios periodos vi : representa el nivel promedio de riesgo esperado en el largo plazo vd : muestra que el activo puede variar aproximadamente 1.55% por día en promedio | E3: En muchas aplicaciones financieras se observan valores como: • ω entre 0.000001 y 0.000050 • α entre 0.05 y 0.20 • β entre 0.75 y 0.95
A4: ω (omega) — nivel base | B4: 1.2e-05
A5: α₁ (ARCH) — reacción al choque | B5: 0.1
A6: β₁ (GARCH) — persistencia | B6: 0.85
A7: Persistencia (α₁+β₁) | B7: =B5+B6 -> 0.95
A8: Varianza incondicional ω/(1-α₁-β₁) | B8: =IF(B7<1,B4/(1-B7),"No definida (GARCH/no estacionario)") -> 0.00024
A9: Volatilidad incondicional diaria | B9: =IF(B7<1,SQRT(B8),"—") -> 0.015491933
A12: t | B12: rt (real, H-D) | C12: ε²t | D12: σ²t (varianza cond.) | E12: σt (volatilidad) | F12: σt anualizada | G12: zt (shock N(0,1)) | H12: ŷt simulado = σt·zt
A13: 1 | B13: =Datos!D4 -> 0.0010307478 | C13: =B13^2 -> 1.062441e-06 | D13: =Datos!$B$109 -> 8.190614e-05 | E13: =SQRT(D13) -> 0.0090502011 | F13: =E13*SQRT(252) -> 0.14366749 | G13: =NORMSINV(RAND()) -> -0.2139834 | H13: =E13*G13 -> -0.0019365928
A14: 2 | B14: =Datos!D5 -> 0.0055506597 | C14: =B14^2 -> 3.0809823e-05 | D14: =$B$4+$B$5*C13+$B$6*D13 -> 8.1726463e-05 | E14: =SQRT(D14) -> 0.009040269 | F14: =E14*SQRT(252) -> 0.14350982 | G14: =NORMSINV(RAND()) -> 0.71379583 | H14: =E14*G14 -> 0.0064529063
A15: 3 | B15: =Datos!D6 -> -0.0028261268 | C15: =B15^2 -> 7.9869927e-06 | D15: =$B$4+$B$5*C14+$B$6*D14 -> 8.4548476e-05 | E15: =SQRT(D15) -> 0.0091950245 | F15: =E15*SQRT(252) -> 0.14596649 | G15: =NORMSINV(RAND()) -> -0.49034718 | H15: =E15*G15 -> -0.0045087543
A16: 4 | B16: =Datos!D7 -> 0.0069158095 | C16: =B16^2 -> 4.7828422e-05 | D16: =$B$4+$B$5*C15+$B$6*D15 -> 8.4664904e-05 | E16: =SQRT(D16) -> 0.0092013534 | F16: =E16*SQRT(252) -> 0.14606696 | G16: =NORMSINV(RAND()) -> -0.16740121 | H16: =E16*G16 -> -0.0015403177
A17: 5 | B17: =Datos!D8 -> -0.010439993 | C17: =B17^2 -> 0.00010899346 | D17: =$B$4+$B$5*C16+$B$6*D16 -> 8.874801e-05 | E17: =SQRT(D17) -> 0.0094206162 | F17: =E17*SQRT(252) -> 0.14954765 | G17: =NORMSINV(RAND()) -> 2.3551883 | H17: =E17*G17 -> 0.022187325
A18: 6 | B18: =Datos!D9 -> 0.0076225145 | C18: =B18^2 -> 5.8102727e-05 | D18: =$B$4+$B$5*C17+$B$6*D17 -> 9.8335155e-05 | E18: =SQRT(D18) -> 0.0099164084 | F18: =E18*SQRT(252) -> 0.1574181 | G18: =NORMSINV(RAND()) -> 1.8244488 | H18: =E18*G18 -> 0.018091979
A19: 7 | B19: =Datos!D10 -> 0.0081034253 | C19: =B19^2 -> 6.5665502e-05 | D19: =$B$4+$B$5*C18+$B$6*D18 -> 0.00010139515 | E19: =SQRT(D19) -> 0.010069516 | F19: =E19*SQRT(252) -> 0.15984861 | G19: =NORMSINV(RAND()) -> -1.0047122 | H19: =E19*G19 -> -0.010116966
A20: 8 | B20: =Datos!D11 -> -0.0053800241 | C20: =B20^2 -> 2.8944659e-05 | D20: =$B$4+$B$5*C19+$B$6*D19 -> 0.00010475243 | E20: =SQRT(D20) -> 0.010234864 | F20: =E20*SQRT(252) -> 0.16247342 | G20: =NORMSINV(RAND()) -> 1.1279633 | H20: =E20*G20 -> 0.01154455
A21: 9 | B21: =Datos!D12 -> -0.0043487979 | C21: =B21^2 -> 1.8912043e-05 | D21: =$B$4+$B$5*C20+$B$6*D20 -> 0.00010393403 | E21: =SQRT(D21) -> 0.010194804 | F21: =E21*SQRT(252) -> 0.1618375 | G21: =NORMSINV(RAND()) -> -0.53376322 | H21: =E21*G21 -> -0.0054416115
A22: 10 | B22: =Datos!D13 -> 0.00039824135 | C22: =B22^2 -> 1.5859617e-07 | D22: =$B$4+$B$5*C21+$B$6*D21 -> 0.00010223513 | E22: =SQRT(D22) -> 0.010111139 | F22: =E22*SQRT(252) -> 0.16050936 | G22: =NORMSINV(RAND()) -> -0.29620695 | H22: =E22*G22 -> -0.0029949897
A23: 11 | B23: =Datos!D14 -> -0.0094888745 | C23: =B23^2 -> 9.0038739e-05 | D23: =$B$4+$B$5*C22+$B$6*D22 -> 9.8915722e-05 | E23: =SQRT(D23) -> 0.0099456383 | F23: =E23*SQRT(252) -> 0.15788211 | G23: =NORMSINV(RAND()) -> -0.3167545 | H23: =E23*G23 -> -0.0031503257
A24: 12 | B24: =Datos!D15 -> 0.0077261085 | C24: =B24^2 -> 5.9692753e-05 | D24: =$B$4+$B$5*C23+$B$6*D23 -> 0.00010508224 | E24: =SQRT(D24) -> 0.010250963 | F24: =E24*SQRT(252) -> 0.16272899 | G24: =NORMSINV(RAND()) -> 1.2696623 | H24: =E24*G24 -> 0.01301526
A25: 13 | B25: =Datos!D16 -> -0.0056627021 | C25: =B25^2 -> 3.2066195e-05 | D25: =$B$4+$B$5*C24+$B$6*D24 -> 0.00010728918 | E25: =SQRT(D25) -> 0.010358049 | F25: =E25*SQRT(252) -> 0.16442893 | G25: =NORMSINV(RAND()) -> -0.29065667 | H25: =E25*G25 -> -0.0030106361
... A112: 100 | B112: =Datos!D103 -> 0.0042000111 | C112: =B112^2 -> 1.7640093e-05 | D112: =$B$4+$B$5*C111+$B$6*D111 -> 0.00011326028 | E112: =SQRT(D112) -> 0.010642381 | F112: =E112*SQRT(252) -> 0.16894256 | G112: =NORMSINV(RAND()) -> -0.4710727 | H112: =E112*G112 -> -0.0050133352

Sheet Graficas
A1: Graficas - GARCH
A3: KPIs del modelo
A4: ω | B4: =GARCH!B4 -> 1.2e-05
A5: α₁ | B5: =GARCH!B5 -> 0.1
A6: β₁ | B6: =GARCH!B6 -> 0.85
A7: Persistencia α₁+β₁ | B7: =GARCH!B7 -> 0.95
A8: Volatilidad incondicional diaria | B8: =GARCH!B9 -> 0.015491933
A9: Volatilidad incondicional anualizada | B9: =GARCH!B9*SQRT(252) -> 0.24592682
A10: Volatilidad media simulada | B10: =AVERAGE(GARCH!E13:E112) -> 0.011454251
A11: Volatilidad máxima simulada | B11: =MAX(GARCH!E13:E112) -> 0.015185896
A12: Volatilidad mínima simulada | B12: =MIN(GARCH!E13:E112) -> 0.009040269
A14: El modelo GARCH muestra que la volatilidad tiene alta persistencia porque α₁+β₁ es 0.95, los shocks afectan al mercado y sus efectos desaparecen lentamente y la volatilidad esperada es aproximadamente 1.55% diaria y 24.59% anual, mientras que la simulación confirma que el riesgo varía entre periodos."
A49: La línea azul muestra los retornos reales y la roja los simulados por GARCH. Ambos tienen una magnitud similar, mostrando que el modelo reproduce correctamente el nivel de variación del activo, no se busca predecir el movimiento exacto de cada día, sino la escala de volatilidad
A73: Muestra cómo cambia la volatilidad en el tiempo, se observan periodos de calma y aumentos de volatilidad después de shocks grandes, esto demuestra la persistencia del modelo GARCH (α1+β1=0.95), donde los efectos de un impacto no desaparecen inmediatamente

Sheet Interpretación
A1: INTERPRETACIEN
A2: Diagnóstico
A3: Estacionariedad | B3: =IF(GARCH!B7<1,"El proceso es estacionario en covarianza (α₁+β₁ = "&TEXT(GARCH!B7,"0,0000")&" < 1): la varianza incondicional existe y es finita.","El proceso NO es estacionario (α₁+β₁ ≥ 1): estamos ante un caso IGARCH, los choques de volatilidad son permanentes.") -> El proceso es estacionario en covarianza (α₁+β₁ = 0,9500 < 1): la varianza incondicional existe y es finita.
A4: Persistencia de la volatilidad | B4: =IF(GARCH!B7>0.95,"La persistencia es muy alta ("&TEXT(GARCH!B7,"0,0000")&"): los choques de volatilidad tardan mucho en disiparse, típico de series financieras diarias.",IF(GARCH!B7>0.8,"La persistencia es moderada-alta ("&TEXT(GARCH!B7,"0,0000")&"): la volatilidad tiene memoria pero se disipa en un plazo razonable.","La persistencia es baja ("&TEXT(GARCH!B7,"0.0000")&"): los choques de volatilidad se disipan rápido.")) -> La persistencia es moderada-alta (0,9500): la volatilidad tiene memoria pero se disipa en un plazo razonable.
A5: Componente dominante | B5: =IF(GARCH!B6>GARCH!B5,"Domina el término GARCH (β₁ = "&TEXT(GARCH!B6,"0,00")&" > α₁ = "&TEXT(GARCH!B5,"0,00")&"): la volatilidad se explica más por su propio pasado (suavizamiento) que por sorpresas puntuales.","Domina el término ARCH (α₁ = "&TEXT(GARCH!B5,"0,00")&" ≥ β₁ = "&TEXT(GARCH!B6,"0,00")&"): la volatilidad reacciona con fuerza a las sorpresas recientes, con poca memoria de largo plazo.") -> Domina el término GARCH (β₁ = 0,85 > α₁ = 0,10): la volatilidad se explica más por su propio pasado (suavizamiento) que por sorpresas puntuales.
A6: Rango de parámetros vs. literatura | B6: =IF(AND(GARCH!B5>=0.05,GARCH!B5<=0.15,GARCH!B6>=0.8,GARCH!B6<=0.95),"Los parámetros están dentro del rango típico reportado en la literatura (α₁ ≈ 0.05–0.15, β₁ ≈ 0.80–0.95).","Los parámetros se salen del rango típico reportado en la literatura (α₁ ≈ 0.05–0.15, β₁ ≈ 0.80–0.95); revisa si el ajuste tiene sentido económico.") -> Los parámetros están dentro del rango típico reportado en la literatura (α₁ ≈ 0.05–0.15, β₁ ≈ 0.80–0.95).
A7: Volatilidad de largo plazo | B7: =IF(GARCH!B7<1,"La volatilidad de largo plazo (incondicional) es "&TEXT(GARCH!B9,"0,00%")&" diaria, equivalente a "&TEXT(GARCH!B9*SQRT(252),"0,00%")&" anualizada.","No aplica: el proceso no es estacionario.") -> La volatilidad de largo plazo (incondicional) es 1,55% diaria, equivalente a 24,59% anualizada.
A10: Existe volatilidad y heterocedasticidad condicional, ya que el riesgo cambia a través del tiempo, el modelo GARCH confirma que los shocks afectan la volatilidad y sus efectos permanecen durante varios periodos (α1+β1=0.95)
